{
  "project_info": {
    "project_number": "516945597826",
    "project_id": "qejani-hub-dev-2025",
    "storage_bucket": "qejani-hub-dev-2025.firebasestorage.app"
  },
  "client": [
    {
      "client_info": {
        "mobilesdk_app_id": "1:516945597826:android:15cceba32293e81d52ab9b",
        "android_client_info": {
          "package_name": "com.example.qejani_hub"
        }
      },
      "oauth_client": [],
      "api_key": [
        {
          "current_key": "AIzaSyBwyGhvYdCgwFX-Qx-H2uzYgLznFwlnseY"
        }
      ],
      "services": {
        "appinvite_service": {
          "other_platform_oauth_client": []
        }
      }
    }
  ],
  "configuration_version": "1"
}